url_grouping,manual_grouping
blogs_china_blog,-
blogs_eu,-
blogs_magazine_monitor,-
blogs_news_from_elsewhere,-
blogs_ouch,-
blogs_the_papers,-
blogs_trending,-
business,business
business_your_money,business
disability,-
education,education
election_,politics
election__england,politics
election__london,politics
election__northern_ireland,politics
election__scotland,politics
election__wales,politics
election_us_,politics
entertainment_arts,entertainment_arts
explainers,-
health,health
in_pictures,-
magazine,-
science_environment,science
technology,tech
the_reporters,-
uk,uk
uk_england,uk
uk_england_beds_bucks_herts,uk
uk_england_berkshire,uk
uk_england_birmingham,uk
uk_england_bradford_west_yorkshire,uk
uk_england_bristol,uk
uk_england_cambridgeshire,uk
uk_england_cornwall,uk
uk_england_coventry_warwickshire,uk
uk_england_cumbria,uk
uk_england_derbyshire,uk
uk_england_devon,uk
uk_england_dorset,uk
uk_england_essex,uk
uk_england_gloucestershire,uk
uk_england_hampshire,uk
uk_england_hereford_worcester,uk
uk_england_humber,uk
uk_england_kent,uk
uk_england_lancashire,uk
uk_england_leeds,uk
uk_england_leicestershire,uk
uk_england_lincolnshire,uk
uk_england_london,uk
uk_england_manchester,uk
uk_england_merseyside,uk
uk_england_norfolk,uk
uk_england_northamptonshire,uk
uk_england_nottinghamshire,uk
uk_england_oxfordshire,uk
uk_england_shropshire,uk
uk_england_somerset,uk
uk_england_south_yorkshire,uk
uk_england_stoke_staffordshire,uk
uk_england_suffolk,uk
uk_england_surrey,uk
uk_england_sussex,uk
uk_england_tees,uk
uk_england_tyne,uk
uk_england_wiltshire,uk
uk_england_york_north_yorkshire,uk
uk_northern_ireland,uk
uk_northern_ireland_foyle_west,uk
uk_northern_ireland_politics,uk
uk_politics,uk
uk_politics_eu_referendum,uk
uk_politics_parliaments,uk
uk_scotland,uk
uk_scotland_edinburgh_east_fife,uk
uk_scotland_glasgow_west,uk
uk_scotland_highlands_islands,uk
uk_scotland_north_east_orkney_shetland,uk
uk_scotland_scotland_business,uk
uk_scotland_scotland_politics,uk
uk_scotland_south_scotland,uk
uk_scotland_tayside_central,uk
uk_wales,uk
uk_wales_mid_wales,uk
uk_wales_north_east_wales,uk
uk_wales_north_west_wales,uk
uk_wales_politics,uk
uk_wales_south_east_wales,uk
uk_wales_south_west_wales,uk
world,world
world_africa,world
world_asia,world
world_asia_china,world
world_asia_india,world
world_asia_pacific,world
world_australia,world
world_europe,world
world_europe_guernsey,world
world_europe_isle_of_man,world
world_europe_jersey,world
world_latin_america,world
world_middle_east,world
world_radio_and_tv,world
world_south_asia,world
world_us_canada,world